component_id	repository	commit_sha	path	content_sha256	kind
gridatlas:atlas/cartridges/202609041945-streaming-parquet-bridge-v9-5.js	gridatlas	380c7ea8ceab49ee86593eafc2d8666a425779de	atlas/cartridges/202609041945-streaming-parquet-bridge-v9-5.js	4a6b594f7705bc4d7d62cbe69d2e40726d12f9a759896430cfe5eb00d830d23e	cartridge
gridatlas:atlas/cartridges/202609071213-place-global-search-v9-5.js	gridatlas	380c7ea8ceab49ee86593eafc2d8666a425779de	atlas/cartridges/202609071213-place-global-search-v9-5.js	15f324e5c279050882f7e3ce83a915c070b6ed19095efcac4ae20af4ef19fdfa	cartridge
gridatlas:atlas/cartridges/202609071232-sld-sandbox-v9-8.js	gridatlas	380c7ea8ceab49ee86593eafc2d8666a425779de	atlas/cartridges/202609071232-sld-sandbox-v9-8.js	8916fa66f2cae3b1fe153dbb9e57af37c24081a151b199dfbdb1ed1801aee34b	cartridge
gridatlas:atlas/cartridges/202609062358-substation-intelligence-v9-63.js	gridatlas	380c7ea8ceab49ee86593eafc2d8666a425779de	atlas/cartridges/202609062358-substation-intelligence-v9-63.js	d94b0de50deddac77643325b10fbe490ce44b8c406dbc6c67e6e7cadbdaa8ec6	cartridge
gridatlas:atlas/index.html	gridatlas	380c7ea8ceab49ee86593eafc2d8666a425779de	atlas/index.html	e1e403f6defe984e6a12c30bb882dfeb65166b5414e3088c3b04f957064232b3	composition
gridatlas:atlas/current.json	gridatlas	380c7ea8ceab49ee86593eafc2d8666a425779de	atlas/current.json	6b30265062448e756364f19b5bf66aa3f995911d4e6962c6fc96d356c65bf968	composition
gridatlas:atlas/releases/202608300453-atlas-v9/index.html	gridatlas	380c7ea8ceab49ee86593eafc2d8666a425779de	atlas/releases/202608300453-atlas-v9/index.html	87a3aaf463843ce33ed5c151096395715cbc80f2575bcb7208f271e94d2ec467	shell
gridatlas:atlas/releases/202608300453-atlas-v9/ventus-corev8engine.js	gridatlas	380c7ea8ceab49ee86593eafc2d8666a425779de	atlas/releases/202608300453-atlas-v9/ventus-corev8engine.js	9a75901ebdff05e094650e39973fc0f59204724753d393a734bb8cda7bc875ba	shell
gridatlas:atlas/data/interconnector-endpoints.json	gridatlas	380c7ea8ceab49ee86593eafc2d8666a425779de	atlas/data/interconnector-endpoints.json	df7d38ec7b8ec27fdc0f59b5f34e64d5d53165918321d8324db31b3c32e97271	dataset
gridatlas:atlas/data/interconnectors.geojson	gridatlas	380c7ea8ceab49ee86593eafc2d8666a425779de	atlas/data/interconnectors.geojson	50fb06803d458ca18f3ebc4ce525562db0eec350054b68d35539cc985929a641	dataset
gridatlas:atlas/data/offshore-coordinates.json	gridatlas	380c7ea8ceab49ee86593eafc2d8666a425779de	atlas/data/offshore-coordinates.json	99bc3478b4151d8343a1f55e88a266ea0b16c5ac97b5463982efb4b99ca88b77	dataset
gridatlas:atlas/deeplink/receivers.json	gridatlas	380c7ea8ceab49ee86593eafc2d8666a425779de	atlas/deeplink/receivers.json	907484454bbeea5c995ca6be95f5851715d298c7e3f8db7b4304525408312ea8	contract
gridatlas:atlas/manifests/202609071232-composition.json	gridatlas	380c7ea8ceab49ee86593eafc2d8666a425779de	atlas/manifests/202609071232-composition.json	4d64f5bc90af976a3732d9bce2abce8b3016f0cf3e79b51dfe72c9cac4eb2f9b	composition
globalgrid2050:pipeline/contracts/fallback.v8.0.json	globalgrid2050	28e41f129d80ebd1a8514b6e2c355e24ec36451b	pipeline/contracts/fallback.v8.0.json	72fa01406efe13a582fcf4363534f5306848fdb2ab71ce58e87469fc7acc10ca	application
globalgrid2050:pipeline/contracts/interconnectors.v9.8.json	globalgrid2050	28e41f129d80ebd1a8514b6e2c355e24ec36451b	pipeline/contracts/interconnectors.v9.8.json	28e3e0e9253b8aef3048ad3c857af9554cf456f7715210ebe1e70d492a02e62b	application
globalgrid2050:pipeline/contracts/legacy-integrity.v9.json	globalgrid2050	28e41f129d80ebd1a8514b6e2c355e24ec36451b	pipeline/contracts/legacy-integrity.v9.json	ea59aa53df0a3d8033bbac29b1e3d612fe91f831ce174c44580914bf91cd863f	application
globalgrid2050:pipeline/contracts/mvp.v8.1.json	globalgrid2050	28e41f129d80ebd1a8514b6e2c355e24ec36451b	pipeline/contracts/mvp.v8.1.json	1bdd558c835249032bb7827d9c0ed55a04d8d20997af1ae8cf3b5ab306a6e92f	application
globalgrid2050:pipeline/contracts/news-module-registry.v9.7.json	globalgrid2050	28e41f129d80ebd1a8514b6e2c355e24ec36451b	pipeline/contracts/news-module-registry.v9.7.json	a4f2b9a1bb91a517874c8cd84f81eeeb1fa3715cf220f6dee5c07bdbcbcc9109	application
globalgrid2050:pipeline/contracts/north-star.v1.json	globalgrid2050	28e41f129d80ebd1a8514b6e2c355e24ec36451b	pipeline/contracts/north-star.v1.json	346f226dc172eabd95a1110cdfd918baee77a0cc213ea31097b70dd6e064326a	application
globalgrid2050:pipeline/contracts/plugin.v1.json	globalgrid2050	28e41f129d80ebd1a8514b6e2c355e24ec36451b	pipeline/contracts/plugin.v1.json	b4ed06d58891359e8df017bc3e9564ba49928e4f6696b1604cfa1e01ab354df5	application
globalgrid2050:pipeline/contracts/project-spine.v7.2.json	globalgrid2050	28e41f129d80ebd1a8514b6e2c355e24ec36451b	pipeline/contracts/project-spine.v7.2.json	6425d81381eda13d204d88a2cd95a409d27d73561b33d65420e2b08428353397	application
globalgrid2050:pipeline/contracts/projects-plugin.v7.2.json	globalgrid2050	28e41f129d80ebd1a8514b6e2c355e24ec36451b	pipeline/contracts/projects-plugin.v7.2.json	a0be5a4e3008d3db8dc2ca983829d3d1fc2bef2c7ea0cd2b01bf2e72e78405d9	application
globalgrid2050:pipeline/contracts/regional-news-sources.v9.7.json	globalgrid2050	28e41f129d80ebd1a8514b6e2c355e24ec36451b	pipeline/contracts/regional-news-sources.v9.7.json	7ea974f61dcfe0b3d952e74864ed3c7ef78045077dee156e60927fd3e808f261	application
globalgrid2050:pipeline/contracts/release.v9.0.json	globalgrid2050	28e41f129d80ebd1a8514b6e2c355e24ec36451b	pipeline/contracts/release.v9.0.json	03b64fae07c718ea2409445152864d26f93bc85c669126debf656e76c4f16cf6	application
globalgrid2050:pipeline/contracts/release.v9.1.json	globalgrid2050	28e41f129d80ebd1a8514b6e2c355e24ec36451b	pipeline/contracts/release.v9.1.json	bc21070f44aae1d32da333e4954816acd907aa8c9fa9cb639c64d651f7fd4259	application
globalgrid2050:pipeline/contracts/release.v9.2.json	globalgrid2050	28e41f129d80ebd1a8514b6e2c355e24ec36451b	pipeline/contracts/release.v9.2.json	8f0d9a68fecd6b5bef25e2cb00e27f4587d7998fb7fca42d9f5f05b135be458f	application
globalgrid2050:pipeline/contracts/release.v9.3.json	globalgrid2050	28e41f129d80ebd1a8514b6e2c355e24ec36451b	pipeline/contracts/release.v9.3.json	48bd1fe7ab712737c1eeb8549b0e2e97bf592f262ecb404059adefc8202add01	application
globalgrid2050:pipeline/contracts/release.v9.4.json	globalgrid2050	28e41f129d80ebd1a8514b6e2c355e24ec36451b	pipeline/contracts/release.v9.4.json	86768834cebdf68d97da05e6b27fc42266e8f5ff72c9e29dd035879738cb7426	application
globalgrid2050:pipeline/contracts/release.v9.5.1.json	globalgrid2050	28e41f129d80ebd1a8514b6e2c355e24ec36451b	pipeline/contracts/release.v9.5.1.json	962c5c9adb401b9aab15e8b63535e1ab5330edd3bd20b547f7e670c98decc637	application
globalgrid2050:pipeline/contracts/release.v9.5.json	globalgrid2050	28e41f129d80ebd1a8514b6e2c355e24ec36451b	pipeline/contracts/release.v9.5.json	7dd705f5ac64445d5b8b44a4b32e7bd829a2d325f39a699ed67833c074f31a79	application
globalgrid2050:pipeline/contracts/release.v9.6.1.json	globalgrid2050	28e41f129d80ebd1a8514b6e2c355e24ec36451b	pipeline/contracts/release.v9.6.1.json	df31bd6c78077eaf86918a12b8fcb72524f81e4b36138f27e9664a68a1c0dc28	application
globalgrid2050:pipeline/contracts/release.v9.6.2.json	globalgrid2050	28e41f129d80ebd1a8514b6e2c355e24ec36451b	pipeline/contracts/release.v9.6.2.json	ef9121ac2550c8e3c734255b091b78adbff92ccfab1bab6c4d418fc3188b67cf	application
globalgrid2050:pipeline/contracts/release.v9.7.json	globalgrid2050	28e41f129d80ebd1a8514b6e2c355e24ec36451b	pipeline/contracts/release.v9.7.json	cd40396657e1a604f20418cec074c32df2d7b592a5c25c12f086256ae71b8cd8	application
globalgrid2050:pipeline/data/v9.8/interconnectors.json	globalgrid2050	28e41f129d80ebd1a8514b6e2c355e24ec36451b	pipeline/data/v9.8/interconnectors.json	d13d6c24754a4a97b8a982d20a5dadc2de411116fd2c3491ff25a5e4f7daca64	application
globalgrid2050:pipeline/data/v9.8/interconnectors_manifest.json	globalgrid2050	28e41f129d80ebd1a8514b6e2c355e24ec36451b	pipeline/data/v9.8/interconnectors_manifest.json	c21dc905cea35fe830632b37d9c26644a2887d2fa041b23005c2a96668d739e4	application
globalgrid2050:pipeline/index.html	globalgrid2050	28e41f129d80ebd1a8514b6e2c355e24ec36451b	pipeline/index.html	d3fd846a373f8790e3030f8e29e6b2c4a30a310c861d1a69ca602284fa0c4301	application
globalgrid2050:pipeline/scripts/app-v9-3.js	globalgrid2050	28e41f129d80ebd1a8514b6e2c355e24ec36451b	pipeline/scripts/app-v9-3.js	364147302951332d745ee615d73051a6be962e2e2b568ddb4026689bcf4fe2e7	application
globalgrid2050:pipeline/scripts/app-v9-4.js	globalgrid2050	28e41f129d80ebd1a8514b6e2c355e24ec36451b	pipeline/scripts/app-v9-4.js	3370012e59b154a209ffa9866e1515db9ff04b1a391b1247a4def2afb506095f	application
globalgrid2050:pipeline/scripts/app-v9-5-1.js	globalgrid2050	28e41f129d80ebd1a8514b6e2c355e24ec36451b	pipeline/scripts/app-v9-5-1.js	1be160ffedffd634862172c98d4ac96145eff12be07518c88466ddea3c31e431	application
globalgrid2050:pipeline/scripts/app-v9-5.js	globalgrid2050	28e41f129d80ebd1a8514b6e2c355e24ec36451b	pipeline/scripts/app-v9-5.js	a48603223cf5e75915b3e8cd9285dcab9b826ebf3e1575ada330ca8d88582b00	application
globalgrid2050:pipeline/scripts/app-v9-6-2.js	globalgrid2050	28e41f129d80ebd1a8514b6e2c355e24ec36451b	pipeline/scripts/app-v9-6-2.js	4eed3a69f4755647dd223d45af438561bf80e6bd6b0a9bdacc5a789457b9e38d	application
globalgrid2050:pipeline/scripts/app-v9-7.js	globalgrid2050	28e41f129d80ebd1a8514b6e2c355e24ec36451b	pipeline/scripts/app-v9-7.js	58726ab9eeb8bbc7d348fc508ad681d8e356bb82a7debd911557ba723c899525	application
globalgrid2050:pipeline/scripts/app-v9-8.js	globalgrid2050	28e41f129d80ebd1a8514b6e2c355e24ec36451b	pipeline/scripts/app-v9-8.js	060c0d46d84847b602a51cd4e985185a0014251c8cf17779d8f9dab9615f8f96	application
globalgrid2050:pipeline/scripts/app.js	globalgrid2050	28e41f129d80ebd1a8514b6e2c355e24ec36451b	pipeline/scripts/app.js	f24df134c92cd2178b2d5b90e606985b787c258a2a01181fd7341838fab7ac05	application
globalgrid2050:pipeline/scripts/build/interconnectors-v9-8.mjs	globalgrid2050	28e41f129d80ebd1a8514b6e2c355e24ec36451b	pipeline/scripts/build/interconnectors-v9-8.mjs	39d0fd48c1dfde8bde2fb216749e70fb327dadfaa18d854bb5d27347a111e001	application
globalgrid2050:pipeline/scripts/build/regional-news-v9-7.mjs	globalgrid2050	28e41f129d80ebd1a8514b6e2c355e24ec36451b	pipeline/scripts/build/regional-news-v9-7.mjs	a79fa1734d1f6cca1813a9dbcbfddb1c6cadfc485b00f0700bf63c55962005cf	application
globalgrid2050:pipeline/scripts/core/atlas-interconnector-link-v9-8.js	globalgrid2050	28e41f129d80ebd1a8514b6e2c355e24ec36451b	pipeline/scripts/core/atlas-interconnector-link-v9-8.js	c8778f503b7551d6492e06dfe1c5802ebf8f0bef0bf6cf56c2ab17dfdf9d2537	application
globalgrid2050:pipeline/scripts/core/atlas-receiver-v9-7.js	globalgrid2050	28e41f129d80ebd1a8514b6e2c355e24ec36451b	pipeline/scripts/core/atlas-receiver-v9-7.js	434be03661ca8d3502c02d5a80bb386a05c946ccf618257ae8f7f44db0e1f99a	application
globalgrid2050:pipeline/scripts/core/news-regions-v9-6-2.js	globalgrid2050	28e41f129d80ebd1a8514b6e2c355e24ec36451b	pipeline/scripts/core/news-regions-v9-6-2.js	dd8a50414632200f9022bb19b934df50dab3785f1f88cfeadb133a4a207ccaa5	application
globalgrid2050:pipeline/scripts/core/news-relevance-v9-2.js	globalgrid2050	28e41f129d80ebd1a8514b6e2c355e24ec36451b	pipeline/scripts/core/news-relevance-v9-2.js	e8b26fb6133b6be3286e55a3074744a54c5ca7ced13dd44367f31d3a665a29da	application
globalgrid2050:pipeline/scripts/core/plugin-host.js	globalgrid2050	28e41f129d80ebd1a8514b6e2c355e24ec36451b	pipeline/scripts/core/plugin-host.js	e5aaa19b5bee93683fae461f7ead55d019e8c2edc8ce377680c0da634606e378	application
globalgrid2050:pipeline/scripts/core/project-filter-v9-2.js	globalgrid2050	28e41f129d80ebd1a8514b6e2c355e24ec36451b	pipeline/scripts/core/project-filter-v9-2.js	007126279582d5dbbe6bb5ebf30a79fd998b4839e8498c5a9a76ab2e4033c842	application
globalgrid2050:pipeline/scripts/core/project-state.js	globalgrid2050	28e41f129d80ebd1a8514b6e2c355e24ec36451b	pipeline/scripts/core/project-state.js	bf52f442cc1aaa7ba26a32ef9437a9dd0c4149120fc313a0ae6cf51d874557d8	application
globalgrid2050:pipeline/scripts/core/state.js	globalgrid2050	28e41f129d80ebd1a8514b6e2c355e24ec36451b	pipeline/scripts/core/state.js	7280acd43f72e166e7b7b3dac1d6e75439b1e1bf46b9e137c1b8aa891b52aad7	application
globalgrid2050:pipeline/scripts/core/utils.js	globalgrid2050	28e41f129d80ebd1a8514b6e2c355e24ec36451b	pipeline/scripts/core/utils.js	bec300e2720e0793bc08434e91c0ea0dd8c3d8e36e79b97172e4d5270f01eda0	application
globalgrid2050:pipeline/scripts/data/build_v7_2_spine.py	globalgrid2050	28e41f129d80ebd1a8514b6e2c355e24ec36451b	pipeline/scripts/data/build_v7_2_spine.py	6068cda75b895a65ada00c78773e2d7c034f15065fdea9ce6c158f5e715d6a20	application
globalgrid2050:pipeline/scripts/data/build_v9_1_spine.py	globalgrid2050	28e41f129d80ebd1a8514b6e2c355e24ec36451b	pipeline/scripts/data/build_v9_1_spine.py	c1ec98b6f62ac0c5a3d3401e62cf6511dc85a08f2f7d4db75742ae6b80979cb7	application
globalgrid2050:pipeline/scripts/data/canonical-projects-v9-1.js	globalgrid2050	28e41f129d80ebd1a8514b6e2c355e24ec36451b	pipeline/scripts/data/canonical-projects-v9-1.js	3f6caa253d5e5897cc8821a9374b19bda0bc336217f1bb33a3feade95c5dd6ee	application
globalgrid2050:pipeline/scripts/data/canonical-projects-v9-2.js	globalgrid2050	28e41f129d80ebd1a8514b6e2c355e24ec36451b	pipeline/scripts/data/canonical-projects-v9-2.js	0b9820b9f48a5f72571091b7c921ca65d5fe1f2db0ee83cf8d914ddb4c029fc9	application
globalgrid2050:pipeline/scripts/data/canonical-projects-v9-3.js	globalgrid2050	28e41f129d80ebd1a8514b6e2c355e24ec36451b	pipeline/scripts/data/canonical-projects-v9-3.js	7ef5e264fd97e9e77f65042e392f4e2b7f3fb7a48380dfe9719ae80acb171300	application
globalgrid2050:pipeline/scripts/data/canonical-projects-v9-4.js	globalgrid2050	28e41f129d80ebd1a8514b6e2c355e24ec36451b	pipeline/scripts/data/canonical-projects-v9-4.js	96ab7aa96358d23ec977cd2754226601603895869adb4eebb1dd703100ec16fb	application
globalgrid2050:pipeline/scripts/data/canonical-projects-v9-5-1.js	globalgrid2050	28e41f129d80ebd1a8514b6e2c355e24ec36451b	pipeline/scripts/data/canonical-projects-v9-5-1.js	7e4bd9108eeaeb1b557e1b4f6ef4d8053f4429a4df46d5e5c8f886c4da88029b	application
globalgrid2050:pipeline/scripts/data/canonical-projects-v9-5.js	globalgrid2050	28e41f129d80ebd1a8514b6e2c355e24ec36451b	pipeline/scripts/data/canonical-projects-v9-5.js	372bf74f115d47947bc7e903c8330ce40e76f54e2201f15373261ef11aed66b2	application
globalgrid2050:pipeline/scripts/data/canonical-projects.js	globalgrid2050	28e41f129d80ebd1a8514b6e2c355e24ec36451b	pipeline/scripts/data/canonical-projects.js	40d21f77ae817575a8f17181154cfe7e2c95de2fc2f716ce29cccebe3eb6bdf8	application
globalgrid2050:pipeline/scripts/data/interconnectors-v9-8.js	globalgrid2050	28e41f129d80ebd1a8514b6e2c355e24ec36451b	pipeline/scripts/data/interconnectors-v9-8.js	61cc4e9ddcdf8322fe9f548edfd93b6b2a81eec6a21e152eee08aa90b3423573	application
globalgrid2050:pipeline/scripts/news/adapters/committed-json-v9-7.mjs	globalgrid2050	28e41f129d80ebd1a8514b6e2c355e24ec36451b	pipeline/scripts/news/adapters/committed-json-v9-7.mjs	21063298123ca75593f3ec0daf883fba67c08b1e9321e0ecbbba4f01b309c80d	application
globalgrid2050:pipeline/scripts/news/classifier-v9-7.mjs	globalgrid2050	28e41f129d80ebd1a8514b6e2c355e24ec36451b	pipeline/scripts/news/classifier-v9-7.mjs	f15e8909e7e340a891f9253a743b1efc665641df1c1c63294f538c6dd413eaac	application
globalgrid2050:pipeline/scripts/news/ledger-v9-7.mjs	globalgrid2050	28e41f129d80ebd1a8514b6e2c355e24ec36451b	pipeline/scripts/news/ledger-v9-7.mjs	ac8b88b5cbbdeee36db6561e6f369fa0f19b0276751688a563a4ba7719ddfd9c	application
globalgrid2050:pipeline/scripts/news/rules/geography-v9-7.mjs	globalgrid2050	28e41f129d80ebd1a8514b6e2c355e24ec36451b	pipeline/scripts/news/rules/geography-v9-7.mjs	bba24b1c3c4e334494194ee8e371ba2925562a264dbf57bd7336a5b7dc25da94	application
globalgrid2050:pipeline/scripts/news/rules/technology-v9-7.mjs	globalgrid2050	28e41f129d80ebd1a8514b6e2c355e24ec36451b	pipeline/scripts/news/rules/technology-v9-7.mjs	36a3f11f9badaa3b1a7372eca4e34f3f6509a4aa58c26038baa2645671a68222	application
globalgrid2050:pipeline/scripts/news/rules/uk-veto-v9-7.mjs	globalgrid2050	28e41f129d80ebd1a8514b6e2c355e24ec36451b	pipeline/scripts/news/rules/uk-veto-v9-7.mjs	11e6a1b656e1c5ffad4d16048b05c4239f6b81863e795dfba5d69026125dc388	application
globalgrid2050:pipeline/scripts/plugins/canonical-project-controls.js	globalgrid2050	28e41f129d80ebd1a8514b6e2c355e24ec36451b	pipeline/scripts/plugins/canonical-project-controls.js	17651f44dd27506e99ee6abb97c6700b03bbcb3a6be44a14a6d5819b92cf233c	application
globalgrid2050:pipeline/scripts/plugins/canonical-project-export.js	globalgrid2050	28e41f129d80ebd1a8514b6e2c355e24ec36451b	pipeline/scripts/plugins/canonical-project-export.js	3ec75298c9029a7b959022f80c43c00ea864eb98dbadaafb9de1de43b3679b8f	application
globalgrid2050:pipeline/scripts/plugins/canonical-project-table.js	globalgrid2050	28e41f129d80ebd1a8514b6e2c355e24ec36451b	pipeline/scripts/plugins/canonical-project-table.js	e086946da97557054db908315fd38f4b8b67148d2a2fcc88a5a4cb1d567c8b99	application
globalgrid2050:pipeline/scripts/plugins/capacity-presentation-v9-3.js	globalgrid2050	28e41f129d80ebd1a8514b6e2c355e24ec36451b	pipeline/scripts/plugins/capacity-presentation-v9-3.js	650e2d1ca9fea55d0cb96db58c752e03ac03645499f033d11d4f76d29c917cef	application
globalgrid2050:pipeline/scripts/plugins/gauges-v9-1.js	globalgrid2050	28e41f129d80ebd1a8514b6e2c355e24ec36451b	pipeline/scripts/plugins/gauges-v9-1.js	eb9c3caf204dd177407f4ac4f3a4352afc28381aba70a745854e2a69a89f2cae	application
globalgrid2050:pipeline/scripts/plugins/gauges-v9-2.js	globalgrid2050	28e41f129d80ebd1a8514b6e2c355e24ec36451b	pipeline/scripts/plugins/gauges-v9-2.js	30803e3ecc787175bc31b6913541d52cc6065e9be2b50dc4d3ed900797348682	application
globalgrid2050:pipeline/scripts/plugins/gauges.js	globalgrid2050	28e41f129d80ebd1a8514b6e2c355e24ec36451b	pipeline/scripts/plugins/gauges.js	c77752b697b9104fd8257d25294e84a63a8d4cc6060ce60eef7ef065cf19058d	application
globalgrid2050:pipeline/scripts/plugins/newspaper-v9-2.js	globalgrid2050	28e41f129d80ebd1a8514b6e2c355e24ec36451b	pipeline/scripts/plugins/newspaper-v9-2.js	c6d3655455fe54131ce2a7b6cea189d099aed214f5710da40edf0d73d853e9b4	application
globalgrid2050:pipeline/scripts/plugins/newspaper-v9-5-1.js	globalgrid2050	28e41f129d80ebd1a8514b6e2c355e24ec36451b	pipeline/scripts/plugins/newspaper-v9-5-1.js	3a328d6d8eaa55884a8bbf1f134db98caccea655c7379096833ffc4ad802a59f	application
globalgrid2050:pipeline/scripts/plugins/newspaper-v9-5.js	globalgrid2050	28e41f129d80ebd1a8514b6e2c355e24ec36451b	pipeline/scripts/plugins/newspaper-v9-5.js	623c5aa4d08fe23430d4e85b9022c65099bef198849ab6cefaa2d58209a0bbe2	application
globalgrid2050:pipeline/scripts/plugins/newspaper-v9-6-2.js	globalgrid2050	28e41f129d80ebd1a8514b6e2c355e24ec36451b	pipeline/scripts/plugins/newspaper-v9-6-2.js	d5ea34b3ff4b006e454edd012e02b993c93dd9db8951323fd0fbb865006e0eb9	application
globalgrid2050:pipeline/scripts/plugins/newspaper-v9-7.js	globalgrid2050	28e41f129d80ebd1a8514b6e2c355e24ec36451b	pipeline/scripts/plugins/newspaper-v9-7.js	81b71eee9d720e4dc223a16677680e295db6d3aeaa226a76ec01680265ee1e34	application
globalgrid2050:pipeline/scripts/plugins/newspaper.js	globalgrid2050	28e41f129d80ebd1a8514b6e2c355e24ec36451b	pipeline/scripts/plugins/newspaper.js	938c662a4ca461107f3f0851c70dd09bc29d0103ed1517a49920cb7ccbd06417	application
globalgrid2050:pipeline/scripts/plugins/project-export.js	globalgrid2050	28e41f129d80ebd1a8514b6e2c355e24ec36451b	pipeline/scripts/plugins/project-export.js	a5dbf6eff9670d7c08289d53e187c838b958f68eab2039928bc2a154e4689524	application
globalgrid2050:pipeline/scripts/plugins/project-filters.js	globalgrid2050	28e41f129d80ebd1a8514b6e2c355e24ec36451b	pipeline/scripts/plugins/project-filters.js	348065a5800f21cbfb05d7a4a0d051215fc4263d016643be37d14687481440c6	application
globalgrid2050:pipeline/scripts/plugins/project-table.js	globalgrid2050	28e41f129d80ebd1a8514b6e2c355e24ec36451b	pipeline/scripts/plugins/project-table.js	cb9eab60637c87f940c2494590c301cf9c19e8b6c37eca6a38b9681a9e44c4f0	application
globalgrid2050:pipeline/scripts/plugins/projects-v9-1.js	globalgrid2050	28e41f129d80ebd1a8514b6e2c355e24ec36451b	pipeline/scripts/plugins/projects-v9-1.js	bff4758989eb29538525df4ee900eaed4b56e18f7f2bfcf4ed7211a9f0fb4468	application
globalgrid2050:pipeline/scripts/plugins/projects-v9-2.js	globalgrid2050	28e41f129d80ebd1a8514b6e2c355e24ec36451b	pipeline/scripts/plugins/projects-v9-2.js	f000545d11ba6aa620ce3179bdd2ac3eaeb5672ea46daecf0536048b83563467	application
globalgrid2050:pipeline/scripts/plugins/projects-v9-3.js	globalgrid2050	28e41f129d80ebd1a8514b6e2c355e24ec36451b	pipeline/scripts/plugins/projects-v9-3.js	a51eeda3bf0430f58083eb6179db56446724a98d1f4b11172fcc54561239d958	application
globalgrid2050:pipeline/scripts/plugins/projects-v9-4.js	globalgrid2050	28e41f129d80ebd1a8514b6e2c355e24ec36451b	pipeline/scripts/plugins/projects-v9-4.js	f585277b0d78f791507207de6cae2780969ea6e3a6a85b886ad54ecd26800e3a	application
globalgrid2050:pipeline/scripts/plugins/projects-v9-5-1.js	globalgrid2050	28e41f129d80ebd1a8514b6e2c355e24ec36451b	pipeline/scripts/plugins/projects-v9-5-1.js	ccbc86835dfb1d2b0d0ea05fa7ec6987841b333555a570fababd471736f4a76d	application
globalgrid2050:pipeline/scripts/plugins/projects-v9-5.js	globalgrid2050	28e41f129d80ebd1a8514b6e2c355e24ec36451b	pipeline/scripts/plugins/projects-v9-5.js	5561994a3a05ccffed410e9b3fdaa9924e08307215e8a0b6167910c8c5591b4f	application
globalgrid2050:pipeline/scripts/plugins/projects-v9-8.js	globalgrid2050	28e41f129d80ebd1a8514b6e2c355e24ec36451b	pipeline/scripts/plugins/projects-v9-8.js	44ec7c94466fe37018c58da875573d30a8774fd50e54db9234d8c3d5a79041f6	application
globalgrid2050:pipeline/scripts/plugins/projects.js	globalgrid2050	28e41f129d80ebd1a8514b6e2c355e24ec36451b	pipeline/scripts/plugins/projects.js	d942b7468317cdbe5a5cb7a2bdcd1d27a4cdda11f0d3efacc893298a79b14b2d	application
external:register-parquet	gridatlas	380c7ea8ceab49ee86593eafc2d8666a425779de	https://ventusltd.github.io/gridatlas/data/repd_projects_202608290716.parquet	174040c37f3d63742d6fdd7af722a8cfdf3fb53de3ff85ff1142d22fdac4866b	dataset
ventus-grid-engine:HEAD	ventus-grid-engine	abaa718bc4cbe793f88f69b6d505eceda4a87719	engine/		engine
data-interconnectors:reference/interconnector_cables.csv	data-interconnectors	1e00d0e4d7bf3ddbc86224b3b6be5c2f3eaabf86	reference/interconnector_cables.csv	0ea612d869624e23cd97e391c47e790f2488e6c0d14233d234b19d3324bfa36d	dataset
external:raw.githubusercontent.com:major_project_news_v9_5_1.json			https://raw.githubusercontent.com/Ventusltd/globalgrid2050/main/dist/major_project_news_v9_5_1.json		dataset
external:raw.githubusercontent.com:gb-transmission-network.v1.json			https://raw.githubusercontent.com/Ventusltd/data-grid-gb/1c9909d1138704b29235c27fd769436dda8a0b18/derived/gb-transmission-network.v1.json		dataset
external:ventusltd.github.io:repd_projects_202608290716.parquet			https://ventusltd.github.io/gridatlas/data/repd_projects_202608290716.parquet		dataset
unresolved:far-end-converters-x8			8 far converters (IFA, IFA2, Nemo, NSL, Viking, EWIC, Greenlink, Moyle)		dataset
gridatlas:atlas/data/interconnectors.geojson@R_ATLAS	gridatlas	future	atlas/data/interconnectors.geojson	0000-placeholder-regenerated-on-6378.137	dataset
demo:A			demo/A		demo
demo:B			demo/B		demo
