pair_id	component_id	role	consumption_status
GG2050-PAIR-20260907T141211Z-W	gridatlas:atlas/cartridges/202609041945-streaming-parquet-bridge-v9-5.js	cartridge	COPIED_AS_GIT_BLOB
GG2050-PAIR-20260907T141211Z-W	gridatlas:atlas/cartridges/202609071213-place-global-search-v9-5.js	cartridge	COPIED_AS_GIT_BLOB
GG2050-PAIR-20260907T141211Z-W	gridatlas:atlas/cartridges/202609071232-sld-sandbox-v9-8.js	cartridge	COPIED_AS_GIT_BLOB
GG2050-PAIR-20260907T141211Z-W	gridatlas:atlas/cartridges/202609062358-substation-intelligence-v9-63.js	cartridge	COPIED_AS_GIT_BLOB
GG2050-PAIR-20260907T141211Z-W	gridatlas:atlas/index.html	composition	COPIED_AS_GIT_BLOB
GG2050-PAIR-20260907T141211Z-W	gridatlas:atlas/current.json	composition	COPIED_AS_GIT_BLOB
GG2050-PAIR-20260907T141211Z-W	gridatlas:atlas/releases/202608300453-atlas-v9/index.html	shell	COPIED_AS_GIT_BLOB
GG2050-PAIR-20260907T141211Z-W	gridatlas:atlas/releases/202608300453-atlas-v9/ventus-corev8engine.js	shell	COPIED_AS_GIT_BLOB
GG2050-PAIR-20260907T141211Z-W	gridatlas:atlas/data/interconnector-endpoints.json	dataset	COPIED_AS_GIT_BLOB
GG2050-PAIR-20260907T141211Z-W	gridatlas:atlas/data/interconnectors.geojson	dataset	COPIED_AS_GIT_BLOB
GG2050-PAIR-20260907T141211Z-W	gridatlas:atlas/data/offshore-coordinates.json	dataset	COPIED_AS_GIT_BLOB
GG2050-PAIR-20260907T141211Z-W	gridatlas:atlas/deeplink/receivers.json	contract	DERIVED_FROM_ENGINE_CONTRACT
GG2050-PAIR-20260907T141211Z-W	gridatlas:atlas/manifests/202609071232-composition.json	composition	COPIED_AS_GIT_BLOB
GG2050-PAIR-20260907T141211Z-W	globalgrid2050:pipeline/contracts/fallback.v8.0.json	pipeline	COPIED_AS_GIT_BLOB
GG2050-PAIR-20260907T141211Z-W	globalgrid2050:pipeline/contracts/interconnectors.v9.8.json	pipeline	COPIED_AS_GIT_BLOB
GG2050-PAIR-20260907T141211Z-W	globalgrid2050:pipeline/contracts/legacy-integrity.v9.json	pipeline	COPIED_AS_GIT_BLOB
GG2050-PAIR-20260907T141211Z-W	globalgrid2050:pipeline/contracts/mvp.v8.1.json	pipeline	COPIED_AS_GIT_BLOB
GG2050-PAIR-20260907T141211Z-W	globalgrid2050:pipeline/contracts/news-module-registry.v9.7.json	pipeline	COPIED_AS_GIT_BLOB
GG2050-PAIR-20260907T141211Z-W	globalgrid2050:pipeline/contracts/north-star.v1.json	pipeline	COPIED_AS_GIT_BLOB
GG2050-PAIR-20260907T141211Z-W	globalgrid2050:pipeline/contracts/plugin.v1.json	pipeline	COPIED_AS_GIT_BLOB
GG2050-PAIR-20260907T141211Z-W	globalgrid2050:pipeline/contracts/project-spine.v7.2.json	pipeline	COPIED_AS_GIT_BLOB
GG2050-PAIR-20260907T141211Z-W	globalgrid2050:pipeline/contracts/projects-plugin.v7.2.json	pipeline	COPIED_AS_GIT_BLOB
GG2050-PAIR-20260907T141211Z-W	globalgrid2050:pipeline/contracts/regional-news-sources.v9.7.json	pipeline	COPIED_AS_GIT_BLOB
GG2050-PAIR-20260907T141211Z-W	globalgrid2050:pipeline/contracts/release.v9.0.json	pipeline	COPIED_AS_GIT_BLOB
GG2050-PAIR-20260907T141211Z-W	globalgrid2050:pipeline/contracts/release.v9.1.json	pipeline	COPIED_AS_GIT_BLOB
GG2050-PAIR-20260907T141211Z-W	globalgrid2050:pipeline/contracts/release.v9.2.json	pipeline	COPIED_AS_GIT_BLOB
GG2050-PAIR-20260907T141211Z-W	globalgrid2050:pipeline/contracts/release.v9.3.json	pipeline	COPIED_AS_GIT_BLOB
GG2050-PAIR-20260907T141211Z-W	globalgrid2050:pipeline/contracts/release.v9.4.json	pipeline	COPIED_AS_GIT_BLOB
GG2050-PAIR-20260907T141211Z-W	globalgrid2050:pipeline/contracts/release.v9.5.1.json	pipeline	COPIED_AS_GIT_BLOB
GG2050-PAIR-20260907T141211Z-W	globalgrid2050:pipeline/contracts/release.v9.5.json	pipeline	COPIED_AS_GIT_BLOB
GG2050-PAIR-20260907T141211Z-W	globalgrid2050:pipeline/contracts/release.v9.6.1.json	pipeline	COPIED_AS_GIT_BLOB
GG2050-PAIR-20260907T141211Z-W	globalgrid2050:pipeline/contracts/release.v9.6.2.json	pipeline	COPIED_AS_GIT_BLOB
GG2050-PAIR-20260907T141211Z-W	globalgrid2050:pipeline/contracts/release.v9.7.json	pipeline	COPIED_AS_GIT_BLOB
GG2050-PAIR-20260907T141211Z-W	globalgrid2050:pipeline/data/v9.8/interconnectors.json	pipeline	COPIED_AS_GIT_BLOB
GG2050-PAIR-20260907T141211Z-W	globalgrid2050:pipeline/data/v9.8/interconnectors_manifest.json	pipeline	COPIED_AS_GIT_BLOB
GG2050-PAIR-20260907T141211Z-W	globalgrid2050:pipeline/index.html	pipeline	REBOUND_FOR_PAIR
GG2050-PAIR-20260907T141211Z-W	globalgrid2050:pipeline/scripts/app-v9-3.js	pipeline	COPIED_AS_GIT_BLOB
GG2050-PAIR-20260907T141211Z-W	globalgrid2050:pipeline/scripts/app-v9-4.js	pipeline	COPIED_AS_GIT_BLOB
GG2050-PAIR-20260907T141211Z-W	globalgrid2050:pipeline/scripts/app-v9-5-1.js	pipeline	COPIED_AS_GIT_BLOB
GG2050-PAIR-20260907T141211Z-W	globalgrid2050:pipeline/scripts/app-v9-5.js	pipeline	COPIED_AS_GIT_BLOB
GG2050-PAIR-20260907T141211Z-W	globalgrid2050:pipeline/scripts/app-v9-6-2.js	pipeline	COPIED_AS_GIT_BLOB
GG2050-PAIR-20260907T141211Z-W	globalgrid2050:pipeline/scripts/app-v9-7.js	pipeline	COPIED_AS_GIT_BLOB
GG2050-PAIR-20260907T141211Z-W	globalgrid2050:pipeline/scripts/app-v9-8.js	pipeline	COPIED_AS_GIT_BLOB
GG2050-PAIR-20260907T141211Z-W	globalgrid2050:pipeline/scripts/app.js	pipeline	COPIED_AS_GIT_BLOB
GG2050-PAIR-20260907T141211Z-W	globalgrid2050:pipeline/scripts/build/interconnectors-v9-8.mjs	pipeline	COPIED_AS_GIT_BLOB
GG2050-PAIR-20260907T141211Z-W	globalgrid2050:pipeline/scripts/build/regional-news-v9-7.mjs	pipeline	COPIED_AS_GIT_BLOB
GG2050-PAIR-20260907T141211Z-W	globalgrid2050:pipeline/scripts/core/atlas-interconnector-link-v9-8.js	pipeline	COPIED_AS_GIT_BLOB
GG2050-PAIR-20260907T141211Z-W	globalgrid2050:pipeline/scripts/core/atlas-receiver-v9-7.js	pipeline	REBOUND_FOR_PAIR
GG2050-PAIR-20260907T141211Z-W	globalgrid2050:pipeline/scripts/core/news-regions-v9-6-2.js	pipeline	COPIED_AS_GIT_BLOB
GG2050-PAIR-20260907T141211Z-W	globalgrid2050:pipeline/scripts/core/news-relevance-v9-2.js	pipeline	COPIED_AS_GIT_BLOB
GG2050-PAIR-20260907T141211Z-W	globalgrid2050:pipeline/scripts/core/plugin-host.js	pipeline	COPIED_AS_GIT_BLOB
GG2050-PAIR-20260907T141211Z-W	globalgrid2050:pipeline/scripts/core/project-filter-v9-2.js	pipeline	COPIED_AS_GIT_BLOB
GG2050-PAIR-20260907T141211Z-W	globalgrid2050:pipeline/scripts/core/project-state.js	pipeline	COPIED_AS_GIT_BLOB
GG2050-PAIR-20260907T141211Z-W	globalgrid2050:pipeline/scripts/core/state.js	pipeline	COPIED_AS_GIT_BLOB
GG2050-PAIR-20260907T141211Z-W	globalgrid2050:pipeline/scripts/core/utils.js	pipeline	COPIED_AS_GIT_BLOB
GG2050-PAIR-20260907T141211Z-W	globalgrid2050:pipeline/scripts/data/build_v7_2_spine.py	pipeline	COPIED_AS_GIT_BLOB
GG2050-PAIR-20260907T141211Z-W	globalgrid2050:pipeline/scripts/data/build_v9_1_spine.py	pipeline	COPIED_AS_GIT_BLOB
GG2050-PAIR-20260907T141211Z-W	globalgrid2050:pipeline/scripts/data/canonical-projects-v9-1.js	pipeline	COPIED_AS_GIT_BLOB
GG2050-PAIR-20260907T141211Z-W	globalgrid2050:pipeline/scripts/data/canonical-projects-v9-2.js	pipeline	COPIED_AS_GIT_BLOB
GG2050-PAIR-20260907T141211Z-W	globalgrid2050:pipeline/scripts/data/canonical-projects-v9-3.js	pipeline	COPIED_AS_GIT_BLOB
GG2050-PAIR-20260907T141211Z-W	globalgrid2050:pipeline/scripts/data/canonical-projects-v9-4.js	pipeline	COPIED_AS_GIT_BLOB
GG2050-PAIR-20260907T141211Z-W	globalgrid2050:pipeline/scripts/data/canonical-projects-v9-5-1.js	pipeline	COPIED_AS_GIT_BLOB
GG2050-PAIR-20260907T141211Z-W	globalgrid2050:pipeline/scripts/data/canonical-projects-v9-5.js	pipeline	COPIED_AS_GIT_BLOB
GG2050-PAIR-20260907T141211Z-W	globalgrid2050:pipeline/scripts/data/canonical-projects.js	pipeline	COPIED_AS_GIT_BLOB
GG2050-PAIR-20260907T141211Z-W	globalgrid2050:pipeline/scripts/data/interconnectors-v9-8.js	pipeline	COPIED_AS_GIT_BLOB
GG2050-PAIR-20260907T141211Z-W	globalgrid2050:pipeline/scripts/news/adapters/committed-json-v9-7.mjs	pipeline	COPIED_AS_GIT_BLOB
GG2050-PAIR-20260907T141211Z-W	globalgrid2050:pipeline/scripts/news/classifier-v9-7.mjs	pipeline	COPIED_AS_GIT_BLOB
GG2050-PAIR-20260907T141211Z-W	globalgrid2050:pipeline/scripts/news/ledger-v9-7.mjs	pipeline	COPIED_AS_GIT_BLOB
GG2050-PAIR-20260907T141211Z-W	globalgrid2050:pipeline/scripts/news/rules/geography-v9-7.mjs	pipeline	COPIED_AS_GIT_BLOB
GG2050-PAIR-20260907T141211Z-W	globalgrid2050:pipeline/scripts/news/rules/technology-v9-7.mjs	pipeline	COPIED_AS_GIT_BLOB
GG2050-PAIR-20260907T141211Z-W	globalgrid2050:pipeline/scripts/news/rules/uk-veto-v9-7.mjs	pipeline	COPIED_AS_GIT_BLOB
GG2050-PAIR-20260907T141211Z-W	globalgrid2050:pipeline/scripts/plugins/canonical-project-controls.js	pipeline	COPIED_AS_GIT_BLOB
GG2050-PAIR-20260907T141211Z-W	globalgrid2050:pipeline/scripts/plugins/canonical-project-export.js	pipeline	COPIED_AS_GIT_BLOB
GG2050-PAIR-20260907T141211Z-W	globalgrid2050:pipeline/scripts/plugins/canonical-project-table.js	pipeline	COPIED_AS_GIT_BLOB
GG2050-PAIR-20260907T141211Z-W	globalgrid2050:pipeline/scripts/plugins/capacity-presentation-v9-3.js	pipeline	COPIED_AS_GIT_BLOB
GG2050-PAIR-20260907T141211Z-W	globalgrid2050:pipeline/scripts/plugins/gauges-v9-1.js	pipeline	COPIED_AS_GIT_BLOB
GG2050-PAIR-20260907T141211Z-W	globalgrid2050:pipeline/scripts/plugins/gauges-v9-2.js	pipeline	COPIED_AS_GIT_BLOB
GG2050-PAIR-20260907T141211Z-W	globalgrid2050:pipeline/scripts/plugins/gauges.js	pipeline	COPIED_AS_GIT_BLOB
GG2050-PAIR-20260907T141211Z-W	globalgrid2050:pipeline/scripts/plugins/newspaper-v9-2.js	pipeline	COPIED_AS_GIT_BLOB
GG2050-PAIR-20260907T141211Z-W	globalgrid2050:pipeline/scripts/plugins/newspaper-v9-5-1.js	pipeline	COPIED_AS_GIT_BLOB
GG2050-PAIR-20260907T141211Z-W	globalgrid2050:pipeline/scripts/plugins/newspaper-v9-5.js	pipeline	COPIED_AS_GIT_BLOB
GG2050-PAIR-20260907T141211Z-W	globalgrid2050:pipeline/scripts/plugins/newspaper-v9-6-2.js	pipeline	COPIED_AS_GIT_BLOB
GG2050-PAIR-20260907T141211Z-W	globalgrid2050:pipeline/scripts/plugins/newspaper-v9-7.js	pipeline	COPIED_AS_GIT_BLOB
GG2050-PAIR-20260907T141211Z-W	globalgrid2050:pipeline/scripts/plugins/newspaper.js	pipeline	COPIED_AS_GIT_BLOB
GG2050-PAIR-20260907T141211Z-W	globalgrid2050:pipeline/scripts/plugins/project-export.js	pipeline	COPIED_AS_GIT_BLOB
GG2050-PAIR-20260907T141211Z-W	globalgrid2050:pipeline/scripts/plugins/project-filters.js	pipeline	COPIED_AS_GIT_BLOB
GG2050-PAIR-20260907T141211Z-W	globalgrid2050:pipeline/scripts/plugins/project-table.js	pipeline	COPIED_AS_GIT_BLOB
GG2050-PAIR-20260907T141211Z-W	globalgrid2050:pipeline/scripts/plugins/projects-v9-1.js	pipeline	COPIED_AS_GIT_BLOB
GG2050-PAIR-20260907T141211Z-W	globalgrid2050:pipeline/scripts/plugins/projects-v9-2.js	pipeline	COPIED_AS_GIT_BLOB
GG2050-PAIR-20260907T141211Z-W	globalgrid2050:pipeline/scripts/plugins/projects-v9-3.js	pipeline	COPIED_AS_GIT_BLOB
GG2050-PAIR-20260907T141211Z-W	globalgrid2050:pipeline/scripts/plugins/projects-v9-4.js	pipeline	COPIED_AS_GIT_BLOB
GG2050-PAIR-20260907T141211Z-W	globalgrid2050:pipeline/scripts/plugins/projects-v9-5-1.js	pipeline	COPIED_AS_GIT_BLOB
GG2050-PAIR-20260907T141211Z-W	globalgrid2050:pipeline/scripts/plugins/projects-v9-5.js	pipeline	COPIED_AS_GIT_BLOB
GG2050-PAIR-20260907T141211Z-W	globalgrid2050:pipeline/scripts/plugins/projects-v9-8.js	pipeline	COPIED_AS_GIT_BLOB
GG2050-PAIR-20260907T141211Z-W	globalgrid2050:pipeline/scripts/plugins/projects.js	pipeline	COPIED_AS_GIT_BLOB
GG2050-PAIR-20260907T141211Z-W	external:register-parquet	dataset	EXTERNAL_BY_ABSOLUTE_URL
GG2050-PAIR-20260907T141211Z-W	ventus-grid-engine:HEAD	engine	COMPARATOR_AND_CONTRACT_COPY
GG2050-PAIR-20260907T141211Z-W	data-interconnectors:reference/interconnector_cables.csv	dataset	PINNED_AS_FIXTURE
GG2050-PAIR-20260907T141211Z-W	external:raw.githubusercontent.com:major_project_news_v9_5_1.json	dataset	EXTERNAL_BY_ABSOLUTE_URL (UNPINNED, tracks main)
GG2050-PAIR-20260907T141211Z-W	external:raw.githubusercontent.com:gb-transmission-network.v1.json	dataset	EXTERNAL_BY_ABSOLUTE_URL
GG2050-PAIR-20260907T141211Z-W	external:ventusltd.github.io:repd_projects_202608290716.parquet	dataset	EXTERNAL_BY_ABSOLUTE_URL
GG2050-PAIR-20260907T141211Z-W	unresolved:far-end-converters-x8	dataset	UNRESOLVED
GG2050-PAIR-20260907T141211Z-W-child-demo	data-interconnectors:reference/interconnector_cables.csv	carried	DEMO
GG2050-PAIR-20260907T141211Z-W-child-demo	external:raw.githubusercontent.com:gb-transmission-network.v1.json	carried	DEMO
GG2050-PAIR-20260907T141211Z-W-child-demo	external:raw.githubusercontent.com:major_project_news_v9_5_1.json	carried	DEMO
GG2050-PAIR-20260907T141211Z-W-child-demo	external:register-parquet	carried	DEMO
GG2050-PAIR-20260907T141211Z-W-child-demo	external:ventusltd.github.io:repd_projects_202608290716.parquet	carried	DEMO
GG2050-PAIR-20260907T141211Z-W-child-demo	globalgrid2050:pipeline/contracts/fallback.v8.0.json	carried	DEMO
GG2050-PAIR-20260907T141211Z-W-child-demo	globalgrid2050:pipeline/contracts/interconnectors.v9.8.json	carried	DEMO
GG2050-PAIR-20260907T141211Z-W-child-demo	globalgrid2050:pipeline/contracts/legacy-integrity.v9.json	carried	DEMO
GG2050-PAIR-20260907T141211Z-W-child-demo	globalgrid2050:pipeline/contracts/mvp.v8.1.json	carried	DEMO
GG2050-PAIR-20260907T141211Z-W-child-demo	globalgrid2050:pipeline/contracts/news-module-registry.v9.7.json	carried	DEMO
GG2050-PAIR-20260907T141211Z-W-child-demo	globalgrid2050:pipeline/contracts/north-star.v1.json	carried	DEMO
GG2050-PAIR-20260907T141211Z-W-child-demo	globalgrid2050:pipeline/contracts/plugin.v1.json	carried	DEMO
GG2050-PAIR-20260907T141211Z-W-child-demo	globalgrid2050:pipeline/contracts/project-spine.v7.2.json	carried	DEMO
GG2050-PAIR-20260907T141211Z-W-child-demo	globalgrid2050:pipeline/contracts/projects-plugin.v7.2.json	carried	DEMO
GG2050-PAIR-20260907T141211Z-W-child-demo	globalgrid2050:pipeline/contracts/regional-news-sources.v9.7.json	carried	DEMO
GG2050-PAIR-20260907T141211Z-W-child-demo	globalgrid2050:pipeline/contracts/release.v9.0.json	carried	DEMO
GG2050-PAIR-20260907T141211Z-W-child-demo	globalgrid2050:pipeline/contracts/release.v9.1.json	carried	DEMO
GG2050-PAIR-20260907T141211Z-W-child-demo	globalgrid2050:pipeline/contracts/release.v9.2.json	carried	DEMO
GG2050-PAIR-20260907T141211Z-W-child-demo	globalgrid2050:pipeline/contracts/release.v9.3.json	carried	DEMO
GG2050-PAIR-20260907T141211Z-W-child-demo	globalgrid2050:pipeline/contracts/release.v9.4.json	carried	DEMO
GG2050-PAIR-20260907T141211Z-W-child-demo	globalgrid2050:pipeline/contracts/release.v9.5.1.json	carried	DEMO
GG2050-PAIR-20260907T141211Z-W-child-demo	globalgrid2050:pipeline/contracts/release.v9.5.json	carried	DEMO
GG2050-PAIR-20260907T141211Z-W-child-demo	globalgrid2050:pipeline/contracts/release.v9.6.1.json	carried	DEMO
GG2050-PAIR-20260907T141211Z-W-child-demo	globalgrid2050:pipeline/contracts/release.v9.6.2.json	carried	DEMO
GG2050-PAIR-20260907T141211Z-W-child-demo	globalgrid2050:pipeline/contracts/release.v9.7.json	carried	DEMO
GG2050-PAIR-20260907T141211Z-W-child-demo	globalgrid2050:pipeline/data/v9.8/interconnectors.json	carried	DEMO
GG2050-PAIR-20260907T141211Z-W-child-demo	globalgrid2050:pipeline/data/v9.8/interconnectors_manifest.json	carried	DEMO
GG2050-PAIR-20260907T141211Z-W-child-demo	globalgrid2050:pipeline/index.html	carried	DEMO
GG2050-PAIR-20260907T141211Z-W-child-demo	globalgrid2050:pipeline/scripts/app-v9-3.js	carried	DEMO
GG2050-PAIR-20260907T141211Z-W-child-demo	globalgrid2050:pipeline/scripts/app-v9-4.js	carried	DEMO
GG2050-PAIR-20260907T141211Z-W-child-demo	globalgrid2050:pipeline/scripts/app-v9-5-1.js	carried	DEMO
GG2050-PAIR-20260907T141211Z-W-child-demo	globalgrid2050:pipeline/scripts/app-v9-5.js	carried	DEMO
GG2050-PAIR-20260907T141211Z-W-child-demo	globalgrid2050:pipeline/scripts/app-v9-6-2.js	carried	DEMO
GG2050-PAIR-20260907T141211Z-W-child-demo	globalgrid2050:pipeline/scripts/app-v9-7.js	carried	DEMO
GG2050-PAIR-20260907T141211Z-W-child-demo	globalgrid2050:pipeline/scripts/app-v9-8.js	carried	DEMO
GG2050-PAIR-20260907T141211Z-W-child-demo	globalgrid2050:pipeline/scripts/app.js	carried	DEMO
GG2050-PAIR-20260907T141211Z-W-child-demo	globalgrid2050:pipeline/scripts/build/interconnectors-v9-8.mjs	carried	DEMO
GG2050-PAIR-20260907T141211Z-W-child-demo	globalgrid2050:pipeline/scripts/build/regional-news-v9-7.mjs	carried	DEMO
GG2050-PAIR-20260907T141211Z-W-child-demo	globalgrid2050:pipeline/scripts/core/atlas-interconnector-link-v9-8.js	carried	DEMO
GG2050-PAIR-20260907T141211Z-W-child-demo	globalgrid2050:pipeline/scripts/core/atlas-receiver-v9-7.js	carried	DEMO
GG2050-PAIR-20260907T141211Z-W-child-demo	globalgrid2050:pipeline/scripts/core/news-regions-v9-6-2.js	carried	DEMO
GG2050-PAIR-20260907T141211Z-W-child-demo	globalgrid2050:pipeline/scripts/core/news-relevance-v9-2.js	carried	DEMO
GG2050-PAIR-20260907T141211Z-W-child-demo	globalgrid2050:pipeline/scripts/core/plugin-host.js	carried	DEMO
GG2050-PAIR-20260907T141211Z-W-child-demo	globalgrid2050:pipeline/scripts/core/project-filter-v9-2.js	carried	DEMO
GG2050-PAIR-20260907T141211Z-W-child-demo	globalgrid2050:pipeline/scripts/core/project-state.js	carried	DEMO
GG2050-PAIR-20260907T141211Z-W-child-demo	globalgrid2050:pipeline/scripts/core/state.js	carried	DEMO
GG2050-PAIR-20260907T141211Z-W-child-demo	globalgrid2050:pipeline/scripts/core/utils.js	carried	DEMO
GG2050-PAIR-20260907T141211Z-W-child-demo	globalgrid2050:pipeline/scripts/data/build_v7_2_spine.py	carried	DEMO
GG2050-PAIR-20260907T141211Z-W-child-demo	globalgrid2050:pipeline/scripts/data/build_v9_1_spine.py	carried	DEMO
GG2050-PAIR-20260907T141211Z-W-child-demo	globalgrid2050:pipeline/scripts/data/canonical-projects-v9-1.js	carried	DEMO
GG2050-PAIR-20260907T141211Z-W-child-demo	globalgrid2050:pipeline/scripts/data/canonical-projects-v9-2.js	carried	DEMO
GG2050-PAIR-20260907T141211Z-W-child-demo	globalgrid2050:pipeline/scripts/data/canonical-projects-v9-3.js	carried	DEMO
GG2050-PAIR-20260907T141211Z-W-child-demo	globalgrid2050:pipeline/scripts/data/canonical-projects-v9-4.js	carried	DEMO
GG2050-PAIR-20260907T141211Z-W-child-demo	globalgrid2050:pipeline/scripts/data/canonical-projects-v9-5-1.js	carried	DEMO
GG2050-PAIR-20260907T141211Z-W-child-demo	globalgrid2050:pipeline/scripts/data/canonical-projects-v9-5.js	carried	DEMO
GG2050-PAIR-20260907T141211Z-W-child-demo	globalgrid2050:pipeline/scripts/data/canonical-projects.js	carried	DEMO
GG2050-PAIR-20260907T141211Z-W-child-demo	globalgrid2050:pipeline/scripts/data/interconnectors-v9-8.js	carried	DEMO
GG2050-PAIR-20260907T141211Z-W-child-demo	globalgrid2050:pipeline/scripts/news/adapters/committed-json-v9-7.mjs	carried	DEMO
GG2050-PAIR-20260907T141211Z-W-child-demo	globalgrid2050:pipeline/scripts/news/classifier-v9-7.mjs	carried	DEMO
GG2050-PAIR-20260907T141211Z-W-child-demo	globalgrid2050:pipeline/scripts/news/ledger-v9-7.mjs	carried	DEMO
GG2050-PAIR-20260907T141211Z-W-child-demo	globalgrid2050:pipeline/scripts/news/rules/geography-v9-7.mjs	carried	DEMO
GG2050-PAIR-20260907T141211Z-W-child-demo	globalgrid2050:pipeline/scripts/news/rules/technology-v9-7.mjs	carried	DEMO
GG2050-PAIR-20260907T141211Z-W-child-demo	globalgrid2050:pipeline/scripts/news/rules/uk-veto-v9-7.mjs	carried	DEMO
GG2050-PAIR-20260907T141211Z-W-child-demo	globalgrid2050:pipeline/scripts/plugins/canonical-project-controls.js	carried	DEMO
GG2050-PAIR-20260907T141211Z-W-child-demo	globalgrid2050:pipeline/scripts/plugins/canonical-project-export.js	carried	DEMO
GG2050-PAIR-20260907T141211Z-W-child-demo	globalgrid2050:pipeline/scripts/plugins/canonical-project-table.js	carried	DEMO
GG2050-PAIR-20260907T141211Z-W-child-demo	globalgrid2050:pipeline/scripts/plugins/capacity-presentation-v9-3.js	carried	DEMO
GG2050-PAIR-20260907T141211Z-W-child-demo	globalgrid2050:pipeline/scripts/plugins/gauges-v9-1.js	carried	DEMO
GG2050-PAIR-20260907T141211Z-W-child-demo	globalgrid2050:pipeline/scripts/plugins/gauges-v9-2.js	carried	DEMO
GG2050-PAIR-20260907T141211Z-W-child-demo	globalgrid2050:pipeline/scripts/plugins/gauges.js	carried	DEMO
GG2050-PAIR-20260907T141211Z-W-child-demo	globalgrid2050:pipeline/scripts/plugins/newspaper-v9-2.js	carried	DEMO
GG2050-PAIR-20260907T141211Z-W-child-demo	globalgrid2050:pipeline/scripts/plugins/newspaper-v9-5-1.js	carried	DEMO
GG2050-PAIR-20260907T141211Z-W-child-demo	globalgrid2050:pipeline/scripts/plugins/newspaper-v9-5.js	carried	DEMO
GG2050-PAIR-20260907T141211Z-W-child-demo	globalgrid2050:pipeline/scripts/plugins/newspaper-v9-6-2.js	carried	DEMO
GG2050-PAIR-20260907T141211Z-W-child-demo	globalgrid2050:pipeline/scripts/plugins/newspaper-v9-7.js	carried	DEMO
GG2050-PAIR-20260907T141211Z-W-child-demo	globalgrid2050:pipeline/scripts/plugins/newspaper.js	carried	DEMO
GG2050-PAIR-20260907T141211Z-W-child-demo	globalgrid2050:pipeline/scripts/plugins/project-export.js	carried	DEMO
GG2050-PAIR-20260907T141211Z-W-child-demo	globalgrid2050:pipeline/scripts/plugins/project-filters.js	carried	DEMO
GG2050-PAIR-20260907T141211Z-W-child-demo	globalgrid2050:pipeline/scripts/plugins/project-table.js	carried	DEMO
GG2050-PAIR-20260907T141211Z-W-child-demo	globalgrid2050:pipeline/scripts/plugins/projects-v9-1.js	carried	DEMO
GG2050-PAIR-20260907T141211Z-W-child-demo	globalgrid2050:pipeline/scripts/plugins/projects-v9-2.js	carried	DEMO
GG2050-PAIR-20260907T141211Z-W-child-demo	globalgrid2050:pipeline/scripts/plugins/projects-v9-3.js	carried	DEMO
GG2050-PAIR-20260907T141211Z-W-child-demo	globalgrid2050:pipeline/scripts/plugins/projects-v9-4.js	carried	DEMO
GG2050-PAIR-20260907T141211Z-W-child-demo	globalgrid2050:pipeline/scripts/plugins/projects-v9-5-1.js	carried	DEMO
GG2050-PAIR-20260907T141211Z-W-child-demo	globalgrid2050:pipeline/scripts/plugins/projects-v9-5.js	carried	DEMO
GG2050-PAIR-20260907T141211Z-W-child-demo	globalgrid2050:pipeline/scripts/plugins/projects-v9-8.js	carried	DEMO
GG2050-PAIR-20260907T141211Z-W-child-demo	globalgrid2050:pipeline/scripts/plugins/projects.js	carried	DEMO
GG2050-PAIR-20260907T141211Z-W-child-demo	gridatlas:atlas/cartridges/202609041945-streaming-parquet-bridge-v9-5.js	carried	DEMO
GG2050-PAIR-20260907T141211Z-W-child-demo	gridatlas:atlas/cartridges/202609062358-substation-intelligence-v9-63.js	carried	DEMO
GG2050-PAIR-20260907T141211Z-W-child-demo	gridatlas:atlas/cartridges/202609071213-place-global-search-v9-5.js	carried	DEMO
GG2050-PAIR-20260907T141211Z-W-child-demo	gridatlas:atlas/cartridges/202609071232-sld-sandbox-v9-8.js	carried	DEMO
GG2050-PAIR-20260907T141211Z-W-child-demo	gridatlas:atlas/current.json	carried	DEMO
GG2050-PAIR-20260907T141211Z-W-child-demo	gridatlas:atlas/data/interconnector-endpoints.json	carried	DEMO
GG2050-PAIR-20260907T141211Z-W-child-demo	gridatlas:atlas/data/offshore-coordinates.json	carried	DEMO
GG2050-PAIR-20260907T141211Z-W-child-demo	gridatlas:atlas/deeplink/receivers.json	carried	DEMO
GG2050-PAIR-20260907T141211Z-W-child-demo	gridatlas:atlas/index.html	carried	DEMO
GG2050-PAIR-20260907T141211Z-W-child-demo	gridatlas:atlas/manifests/202609071232-composition.json	carried	DEMO
GG2050-PAIR-20260907T141211Z-W-child-demo	gridatlas:atlas/releases/202608300453-atlas-v9/index.html	carried	DEMO
GG2050-PAIR-20260907T141211Z-W-child-demo	gridatlas:atlas/releases/202608300453-atlas-v9/ventus-corev8engine.js	carried	DEMO
GG2050-PAIR-20260907T141211Z-W-child-demo	unresolved:far-end-converters-x8	carried	DEMO
GG2050-PAIR-20260907T141211Z-W-child-demo	ventus-grid-engine:HEAD	carried	DEMO
GG2050-PAIR-20260907T141211Z-W-child-demo	gridatlas:atlas/data/interconnectors.geojson@R_ATLAS	dataset	DEMO
